epoch,step,train_loss_epoch,train_loss_step
0,0,1.1633374691009521,
1,1,1.1200323104858398,
2,2,1.0930668115615845,
3,3,1.0793805122375488,
4,4,,1.0715547800064087
4,4,1.0715547800064087,
5,5,1.0629533529281616,
6,6,1.0524910688400269,
7,7,1.0420830249786377,
8,8,1.0333300828933716,
9,9,,1.0263055562973022
9,9,1.0263055562973022,
