epoch,step,train_loss_epoch,train_loss_step
0,0,1.1524732112884521,
1,1,1.103095531463623,
2,2,1.0673015117645264,
3,3,1.0419747829437256,
4,4,,1.0241647958755493
4,4,1.0241647958755493,
5,5,1.0104707479476929,
6,6,0.9973270893096924,
7,7,0.9827427864074707,
8,8,0.9667952060699463,
9,9,,0.95061856508255
9,9,0.95061856508255,
